year,country,dimension,weight
2010,ES,1,3.28157612420999e-07
2010,ES,2,0.000183324898684069
2010,ES,3,-9.00059916907567e-07
2010,ES,4,5.06485045509816e-06
2010,ES,5,2.03154517532817e-05
2010,ES,6,8.6282934824147e-05
2010,DE,1,1.96105642591178e-07
2010,DE,2,0.000158239326225643
2010,DE,3,4.93178458623227e-06
2010,DE,4,9.23810871045617e-06
2010,DE,5,1.10152278603195e-05
2010,DE,6,0.000115737394893455
2010,FR,1,3.65365169786243e-06
2010,FR,2,7.86680986118513e-05
2010,FR,3,-3.62999343671912e-06
2010,FR,4,1.75832078642425e-05
2010,FR,5,2.16236006343475e-05
2010,FR,6,0.000203490435605839
2010,GB,1,1.29272429041821e-06
2010,GB,2,4.89911192365848e-05
2010,GB,3,7.41010714261045e-05
2010,GB,4,5.05740109496928e-06
2010,GB,5,5.83596105991157e-05
2010,GB,6,0.00026143322466424
2010,HU,1,-9.19872835288085e-07
2010,HU,2,0.000271229782997252
2010,HU,3,6.66890442966792e-06
2010,HU,4,1.57247947137158e-05
2010,HU,5,1.61347160622772e-05
2010,HU,6,1.20566242607273e-05
2010,IE,1,7.0760460673485e-07
2010,IE,2,-5.62479271596324e-05
2010,IE,3,-1.04280086999944e-05
2010,IE,4,1.53887026248004e-07
2010,IE,5,-1.7582342305007e-05
2010,IE,6,0.00094840544647791
2010,IT,1,4.47456103213902e-08
2010,IT,2,7.59349615880399e-05
2010,IT,3,2.97601248970235e-05
2010,IT,4,8.21293077016124e-06
2010,IT,5,3.23275105406989e-05
2010,IT,6,0.0001127385875764
2010,NL,1,5.13648033142106e-07
2010,NL,2,7.27133659047435e-05
2010,NL,3,3.906804746254e-05
2010,NL,4,4.55086458542321e-06
2010,NL,5,4.33141142134744e-05
2010,NL,6,3.04503879945962e-05
2010,PT,1,-9.56182029810087e-07
2010,PT,2,0.000262055500602437
2010,PT,3,-4.58074322618061e-06
2010,PT,4,1.47073096775335e-05
2010,PT,5,5.32022134591747e-05
2010,PT,6,-5.63131472840004e-05
2010,BE,1,4.62421662120315e-06
2010,BE,2,0.000122756949054568
2010,BE,3,6.19101019416739e-05
2010,BE,4,-2.01261501871383e-06
2010,BE,5,0.000101777043578218
2010,BE,6,6.47369588251611e-05
2010,HR,1,9.85232493653371e-07
2010,HR,2,4.84433319056731e-05
2010,HR,3,6.10148894971732e-05
2010,HR,4,1.78814722159736e-05
2010,HR,5,6.52738539542879e-05
2010,HR,6,2.64780049374492e-06
2010,SE,1,-5.31925162854351e-07
2010,SE,2,8.44566677956546e-05
2010,SE,3,-1.60779459753126e-06
2010,SE,4,1.0811151796094e-05
2010,SE,5,8.07344614535642e-05
2010,SE,6,0.000150426798941914
2010,CH,1,-3.16658567193631e-06
2010,CH,2,-3.23756084646518e-05
2010,CH,3,5.02735910856885e-06
2010,CH,4,-6.61349576107097e-07
2010,CH,5,-2.58305343405851e-05
2010,CH,6,0.000863406925745868
2010,DK,1,3.70494979980203e-07
2010,DK,2,7.58714539398009e-06
2010,DK,3,6.73160288480096e-05
2010,DK,4,1.15413475990544e-05
2010,DK,5,1.26125174921576e-05
2010,DK,6,0.000159203760828788
2010,LU,1,-5.62591847921204e-07
2010,LU,2,0.000326205098893009
2010,LU,3,-9.8325782991639e-06
2010,LU,4,-2.14435147192079e-05
2010,LU,5,-7.28156703975183e-06
2010,LU,6,8.05949707014087e-05
2010,RO,1,3.05778874595001e-06
2010,RO,2,0.000295736883308095
2010,RO,3,2.09391076884102e-05
2010,RO,4,1.39235340841214e-05
2010,RO,5,8.38822632972767e-06
2010,RO,6,-3.21141417402546e-05
2010,CZ,1,3.84933298319746e-07
2010,CZ,2,0.000217319915428137
2010,CZ,3,7.72380377897415e-06
2010,CZ,4,2.07808616256399e-05
2010,CZ,5,1.02137361532565e-05
2010,CZ,6,-1.56080585899348e-05
2010,PL,1,-5.39599465781668e-07
2010,PL,2,0.000218909960268984
2010,PL,3,2.91212894377791e-06
2010,PL,4,7.4422841481569e-06
2010,PL,5,3.02606451540946e-05
2010,PL,6,-1.01895704083207e-05
2010,SK,1,5.16684627917133e-06
2010,SK,2,0.000228960451674903
2010,SK,3,4.71046338587212e-05
2010,SK,4,1.39260231659028e-05
2010,SK,5,1.41052223155813e-05
2010,SK,6,-5.37214796481647e-06
2010,AT,1,1.18083493834766e-07
2010,AT,2,9.01871809226774e-05
2010,AT,3,8.30121546118035e-06
2010,AT,4,9.57873000322359e-06
2010,AT,5,5.15408869868284e-06
2010,AT,6,7.32397598498467e-05
2010,FI,1,-4.14442435235596e-07
2010,FI,2,5.27942631239547e-05
2010,FI,3,3.21186877730892e-06
2010,FI,4,2.24636204321967e-06
2010,FI,5,6.38808006892798e-05
2010,FI,6,7.10927651805032e-05
2010,SI,1,1.22445754618531e-06
2010,SI,2,0.000222690020580672
2010,SI,3,-1.27981683225179e-06
2010,SI,4,-1.04072608314443e-05
2010,SI,5,7.22574435976112e-05
2010,SI,6,7.56998803410539e-05
2010,BG,1,3.06067510189e-07
2010,BG,2,0.00028604054266668
2010,BG,3,1.1396020318954e-06
2010,BG,4,-4.11140195740819e-06
2010,BG,5,7.14452919664443e-05
2010,BG,6,-4.43397271633482e-05
2010,LT,1,-2.96537759383344e-07
2010,LT,2,6.64869174889717e-05
2010,LT,3,8.32577480717212e-06
2010,LT,4,1.89490991123099e-05
2010,LT,5,0.000325239185137035
2010,LT,6,-7.52222485250425e-06
2010,LV,1,1.53440294662959e-06
2010,LV,2,0.000180305269654448
2010,LV,3,7.60865501074435e-06
2010,LV,4,1.06125835189783e-05
2010,LV,5,4.9463462155712e-06
2010,LV,6,-1.05826104303698e-05
2010,NO,1,-4.90677971539783e-05
2010,NO,2,-0.000140435570731414
2010,NO,3,0.00108905472728708
2010,NO,4,5.92029379869637e-05
2010,NO,5,2.95871936943599e-05
2010,NO,6,0.000103708235989741
2010,GR,1,2.42294874798571e-06
2010,GR,2,3.17002890678285e-05
2010,GR,3,1.81225835655736e-05
2010,GR,4,-1.12298201523776e-06
2010,GR,5,0.000260392349316973
2010,GR,6,-7.26435790360293e-05
2010,EE,1,-9.10751025286421e-08
2010,EE,2,0.00011351855237495
2010,EE,3,8.47804251785614e-06
2010,EE,4,1.85163985205254e-06
2010,EE,5,8.31809557756382e-05
2010,EE,6,-1.80532058979611e-06
2010,CY,1,-3.12320880552155e-07
2010,CY,2,0.000170742901485238
2010,CY,3,-9.80008699123366e-06
2010,CY,4,4.94981531120099e-05
2010,CY,5,0.0002452246309863
2010,CY,6,-1.66320246187265e-05
2010,TR,1,3.11233430599821e-06
2010,TR,2,0.00020081331358149
2010,TR,3,-3.24227274810339e-06
2010,TR,4,6.07910986195341e-06
2010,TR,5,3.68688001389956e-05
2010,TR,6,0.000100390622244471
2010,MT,1,-7.27790911631738e-05
2010,MT,2,-5.10474708756759e-05
2010,MT,3,-1.37696575231696e-05
2010,MT,4,-4.17791623681446e-05
2010,MT,5,0.00118023619658239
2010,MT,6,-1.99725091287978e-05
2010,MK,1,-0.00459566686366281
2010,MK,2,0.00121428578849044
2010,MK,3,0.000832961399550448
2010,MK,4,-0.000666047654025776
2010,MK,5,0.0031056160992922
2010,MK,6,-0.00113858341066077
2010,IS,1,0.000416382896329351
2010,IS,2,0.00368749444620807
2010,IS,3,0.00117775150535868
2010,IS,4,-0.000423915607460241
2010,IS,5,-0.00720143993744932
2010,IS,6,0.00277874724362177
2010,ME,1,0.00095357030021918
2010,ME,2,0.0756582780671592
2010,ME,3,0.0304524231713453
2010,ME,4,-0.0553120987726749
2010,ME,5,-0.0150224419424442
2010,ME,6,0.0907406799221813
2010,LI,1,0.0679772417037728
2010,LI,2,0.00383858618226186
2010,LI,3,-0.00287245382332522
2010,LI,4,0.000431347558137623
2010,LI,5,0.00229987096200661
2010,LI,6,0.00444331887834814
2011,ES,1,2.80777235953154e-07
2011,ES,2,0.000178045128825577
2011,ES,3,-3.54263472607414e-06
2011,ES,4,2.55837343854194e-06
2011,ES,5,2.50421733765603e-05
2011,ES,6,0.000109120589842524
2011,BE,1,4.1539261224634e-06
2011,BE,2,6.39133082638894e-05
2011,BE,3,8.56832928532059e-05
2011,BE,4,-1.04223297290428e-06
2011,BE,5,0.000130092866688994
2011,BE,6,9.40494261309728e-05
2011,DE,1,4.44193561057039e-07
2011,DE,2,0.000159483566119929
2011,DE,3,7.92604111656936e-06
2011,DE,4,1.17655100807751e-05
2011,DE,5,1.33069821162378e-05
2011,DE,6,8.06056189408983e-05
2011,FR,1,2.25643139250789e-06
2011,FR,2,0.000103052906914169
2011,FR,3,1.36056175071898e-06
2011,FR,4,1.38150714487561e-05
2011,FR,5,2.35090128543566e-05
2011,FR,6,0.000180732756156015
2011,GB,1,1.40475740226044e-06
2011,GB,2,6.47841555657419e-05
2011,GB,3,7.10225389243736e-05
2011,GB,4,2.60203409879759e-06
2011,GB,5,3.96200904121598e-05
2011,GB,6,0.000217706583596925
2011,IE,1,3.39153689754288e-07
2011,IE,2,-5.65928229720709e-05
2011,IE,3,-7.30489210220014e-06
2011,IE,4,1.65220754073743e-06
2011,IE,5,-1.25923953508615e-05
2011,IE,6,0.000806996141315126
2011,IT,1,1.12862822236881e-07
2011,IT,2,6.31736521785586e-05
2011,IT,3,2.85462075865762e-05
2011,IT,4,1.17269696256786e-05
2011,IT,5,3.6019200046867e-05
2011,IT,6,0.000117890288142306
2011,NL,1,4.07171919446682e-07
2011,NL,2,6.65458099370694e-05
2011,NL,3,5.24886730101022e-05
2011,NL,4,5.98539014040328e-06
2011,NL,5,5.2188326190386e-05
2011,NL,6,4.04959011145899e-05
2011,SE,1,-4.60411770142269e-07
2011,SE,2,0.000110924872628908
2011,SE,3,-1.64860435858551e-06
2011,SE,4,3.30673558771765e-06
2011,SE,5,6.26600815581923e-05
2011,SE,6,8.73500150265358e-05
2011,HU,1,-7.52854454284537e-07
2011,HU,2,0.000275773672060715
2011,HU,3,-1.32376140288435e-06
2011,HU,4,2.75386669732587e-05
2011,HU,5,1.6779428493493e-05
2011,HU,6,2.38488944386003e-05
2011,CH,1,1.87366472306046e-05
2011,CH,2,-5.15589935903475e-05
2011,CH,3,1.24486839410371e-05
2011,CH,4,-3.67323184677708e-06
2011,CH,5,-2.30303424616521e-05
2011,CH,6,0.000822632308898691
2011,DK,1,4.33451276072712e-07
2011,DK,2,6.52332592814792e-06
2011,DK,3,0.000110970848487149
2011,DK,4,9.87918716297415e-06
2011,DK,5,5.31369434253544e-05
2011,DK,6,0.000140544335205238
2011,EE,1,9.54671836741145e-07
2011,EE,2,0.000140303456417058
2011,EE,3,5.72633124189009e-06
2011,EE,4,8.00725022999026e-06
2011,EE,5,0.000126366446370222
2011,EE,6,-1.30202438159859e-05
2011,LU,1,-5.76629020335034e-07
2011,LU,2,0.000354614132301503
2011,LU,3,-6.83029754548447e-06
2011,LU,4,-2.4378394731999e-05
2011,LU,5,-5.03113305034737e-06
2011,LU,6,5.93362373435071e-05
2011,PL,1,-8.76462699933308e-07
2011,PL,2,0.000199023682889588
2011,PL,3,4.78817387421007e-05
2011,PL,4,9.4838701051044e-06
2011,PL,5,3.24512280319469e-05
2011,PL,6,-1.18366780753602e-05
2011,PT,1,-6.66757551402112e-07
2011,PT,2,0.000176359020710115
2011,PT,3,-2.34864264864254e-06
2011,PT,4,1.54609176295352e-05
2011,PT,5,3.08006658732515e-05
2011,PT,6,2.16132561410195e-05
2011,SK,1,4.0467414492537e-06
2011,SK,2,0.000305584299339183
2011,SK,3,3.87697118695252e-06
2011,SK,4,4.69216279518608e-06
2011,SK,5,1.7477971350776e-05
2011,SK,6,-3.03642241487596e-05
2011,LV,1,1.88911426396991e-05
2011,LV,2,0.000238119974056736
2011,LV,3,1.78503712811999e-05
2011,LV,4,-1.45098388491996e-05
2011,LV,5,0.000201448075724291
2011,LV,6,-6.2522147532607e-05
2011,CZ,1,3.7099612952161e-07
2011,CZ,2,0.000261010640216858
2011,CZ,3,8.05390925127465e-06
2011,CZ,4,1.903895368175e-05
2011,CZ,5,9.38580367452685e-06
2011,CZ,6,-2.54766117421328e-05
2011,AT,1,2.16808870977097e-07
2011,AT,2,8.68717663278592e-05
2011,AT,3,1.31972549704968e-05
2011,AT,4,8.24290392201609e-06
2011,AT,5,6.94118070372579e-06
2011,AT,6,6.92111452612504e-05
2011,FI,1,-3.95942150428343e-07
2011,FI,2,6.77154277673107e-05
2011,FI,3,1.02948781293187e-06
2011,FI,4,-4.1395890509293e-06
2011,FI,5,8.75755261987755e-05
2011,FI,6,4.85263821257421e-05
2011,GR,1,2.95330550547782e-06
2011,GR,2,1.3751587189465e-05
2011,GR,3,1.09879272587262e-05
2011,GR,4,-2.15880583009602e-06
2011,GR,5,0.000303469809835718
2011,GR,6,4.60526504753436e-05
2011,HR,1,1.82502538523077e-06
2011,HR,2,4.78427920869174e-05
2011,HR,3,2.70462160536742e-05
2011,HR,4,1.63981737186918e-05
2011,HR,5,0.000111228445546286
2011,HR,6,4.97907090558446e-05
2011,SI,1,2.75750010995028e-06
2011,SI,2,0.0002437481627479
2011,SI,3,3.97417637680939e-06
2011,SI,4,-6.53199201577533e-06
2011,SI,5,1.45516398016158e-05
2011,SI,6,0.000100331337874286
2011,NO,1,-1.42207791701686e-05
2011,NO,2,-0.000291360165576089
2011,NO,3,0.00114510778249714
2011,NO,4,7.5413598439751e-06
2011,NO,5,4.69937170589222e-05
2011,NO,6,0.00014806218273216
2011,BG,1,1.16460541039487e-06
2011,BG,2,0.000186711382232717
2011,BG,3,1.61264418028046e-05
2011,BG,4,2.13267383510088e-06
2011,BG,5,9.89926651162209e-05
2011,BG,6,-1.66596692085542e-05
2011,LT,1,5.30779416541781e-07
2011,LT,2,5.81807182641697e-05
2011,LT,3,2.46102965512943e-06
2011,LT,4,1.50801572285595e-06
2011,LT,5,0.000271988117072246
2011,LT,6,5.2259118359749e-05
2011,RO,1,2.72316736280309e-06
2011,RO,2,0.000299158183281437
2011,RO,3,-3.61003402281666e-06
2011,RO,4,1.58789161782253e-05
2011,RO,5,4.97646765416735e-05
2011,RO,6,-2.428548809838e-05
2011,CY,1,-1.88044203730194e-07
2011,CY,2,9.21222235461418e-05
2011,CY,3,-5.54460175103434e-06
2011,CY,4,7.66759262580545e-05
2011,CY,5,0.000284699800588356
2011,CY,6,-5.63615722625202e-05
2011,MT,1,-0.000213877388301089
2011,MT,2,-6.2235743167648e-05
2011,MT,3,-3.61820829660144e-06
2011,MT,4,-1.33445729316747e-05
2011,MT,5,0.000886387709603161
2011,MT,6,-2.55607567815743e-05
2011,TR,1,2.65543018829766e-06
2011,TR,2,0.000197147561039842
2011,TR,3,-1.82721170874487e-05
2011,TR,4,1.05971154258573e-05
2011,TR,5,4.39132104666715e-05
2011,TR,6,4.82875141177059e-05
2011,MK,1,-6.21295565003548e-05
2011,MK,2,-0.000160443282172057
2011,MK,3,0.00150216147411348
2011,MK,4,-4.57214266454122e-05
2011,MK,5,-0.000491091375040031
2011,MK,6,8.831874973423e-05
2011,IS,1,0.000572868629331454
2011,IS,2,0.001089743657155
2011,IS,3,0.00218737511343441
2011,IS,4,-0.000544910523887355
2011,IS,5,0.00282236761937212
2011,IS,6,0.00304417632873931
2011,ME,1,0.00113258757683151
2011,ME,2,0.0123452690820148
2011,ME,3,0.000243562052665179
2011,ME,4,0.00622779889917123
2011,ME,5,-0.00677687834113628
2011,ME,6,0.0112420633032983
2011,LI,1,0.00363423192881536
2011,LI,2,-8.45722864324697e-05
2011,LI,3,2.43797292161469e-05
2011,LI,4,0.00129807273389174
2011,LI,5,-0.000450668992438276
2011,LI,6,0.000125284689306652
2012,AT,1,-1.55233004726521e-08
2012,AT,2,0.000114543494086659
2012,AT,3,1.56607173297052e-05
2012,AT,4,1.27779200647215e-05
2012,AT,5,3.36263341680526e-07
2012,AT,6,5.8101568078732e-05
2012,DE,1,-1.31952977528421e-07
2012,DE,2,0.000168554530952442
2012,DE,3,7.88316615746215e-06
2012,DE,4,8.41391639638917e-06
2012,DE,5,1.55253335004883e-05
2012,DE,6,0.000107026896161426
2012,ES,1,4.84677508458932e-07
2012,ES,2,0.000157085618346165
2012,ES,3,-5.65477448479642e-07
2012,ES,4,3.02848245586047e-10
2012,ES,5,4.201922682714e-05
2012,ES,6,8.3214240427818e-05
2012,FR,1,2.68134393039613e-06
2012,FR,2,7.42289109770381e-05
2012,FR,3,-1.7580351102747e-06
2012,FR,4,1.35911649885739e-05
2012,FR,5,3.20704920765548e-05
2012,FR,6,0.00021313512608536
2012,GB,1,4.94714359954448e-07
2012,GB,2,6.8586483868049e-05
2012,GB,3,0.000111149466793533
2012,GB,4,2.05579968503219e-06
2012,GB,5,2.50705334130167e-05
2012,GB,6,0.000197094242972204
2012,IE,1,3.5208660233896e-07
2012,IE,2,-6.10310588697678e-05
2012,IE,3,-7.4472818775336e-06
2012,IE,4,3.43852708130777e-06
2012,IE,5,-9.64581116363741e-06
2012,IE,6,0.000698312837963082
2012,NL,1,1.33896582360185e-07
2012,NL,2,6.0007882265469e-05
2012,NL,3,7.45757172293827e-05
2012,NL,4,3.14926314286081e-06
2012,NL,5,8.60215853839488e-05
2012,NL,6,1.72716269551276e-05
2012,IT,1,1.28126396706559e-07
2012,IT,2,5.86171747841524e-05
2012,IT,3,-5.83943116008913e-07
2012,IT,4,1.59932027133409e-05
2012,IT,5,3.91256926637419e-05
2012,IT,6,0.000107282838608155
2012,LU,1,9.02021555612432e-07
2012,LU,2,0.000270807712615304
2012,LU,3,-4.44693930586604e-06
2012,LU,4,-1.75188157586851e-05
2012,LU,5,-7.04499976317474e-06
2012,LU,6,0.00012127442960675
2012,SE,1,-3.02748303511885e-07
2012,SE,2,8.57997503269333e-05
2012,SE,3,6.72209760872936e-07
2012,SE,4,1.18596829183773e-05
2012,SE,5,7.87331346175821e-05
2012,SE,6,9.8177814462529e-05
2012,BE,1,5.17170467842099e-07
2012,BE,2,0.000128394418701617
2012,BE,3,2.48336389125888e-05
2012,BE,4,-1.44297731100918e-07
2012,BE,5,8.75627243210036e-05
2012,BE,6,9.81876862246768e-05
2012,PL,1,-1.08324279084419e-06
2012,PL,2,0.000228465924363812
2012,PL,3,-8.92017189143708e-07
2012,PL,4,6.72656464277249e-06
2012,PL,5,3.61083617939791e-05
2012,PL,6,-1.44928584513058e-05
2012,SI,1,9.17587797317577e-08
2012,SI,2,0.000192116832297006
2012,SI,3,-3.6112045502049e-07
2012,SI,4,-9.37026500852393e-06
2012,SI,5,1.84846428725866e-05
2012,SI,6,0.000160529763169687
2012,BG,1,1.19751777353476e-07
2012,BG,2,0.000153740900761533
2012,BG,3,-1.59080233366372e-06
2012,BG,4,1.14860238889584e-05
2012,BG,5,9.93721111822024e-05
2012,BG,6,0.000173715869291285
2012,HR,1,2.12820720059445e-06
2012,HR,2,0.000146709725209773
2012,HR,3,6.5919638271936e-06
2012,HR,4,-6.52481897810328e-06
2012,HR,5,2.78449734921815e-06
2012,HR,6,0.000211619196014174
2012,HU,1,-5.16698415252176e-07
2012,HU,2,0.000235661262911044
2012,HU,3,3.18605366835446e-07
2012,HU,4,1.19462599768452e-05
2012,HU,5,9.16014898454379e-06
2012,HU,6,3.93337210887645e-05
2012,PT,1,-7.88714134092987e-07
2012,PT,2,0.000177965526651367
2012,PT,3,-8.0102844804375e-06
2012,PT,4,8.08404425287946e-06
2012,PT,5,3.98299216507729e-05
2012,PT,6,9.79233190356463e-07
2012,DK,1,-1.33791132085921e-07
2012,DK,2,-4.36510387483126e-07
2012,DK,3,8.37245765364412e-05
2012,DK,4,4.91576932854286e-06
2012,DK,5,9.10050453860544e-05
2012,DK,6,0.000148659869873999
2012,FI,1,-1.38745417869286e-07
2012,FI,2,5.3677483316975e-05
2012,FI,3,-1.0813314493095e-06
2012,FI,4,-3.25278591825808e-06
2012,FI,5,9.31786629039657e-05
2012,FI,6,5.41489223115335e-05
2012,LV,1,5.09176889398501e-07
2012,LV,2,0.0001283997172637
2012,LV,3,3.63712825962882e-05
2012,LV,4,-8.1779493868996e-06
2012,LV,5,0.000302619608481347
2012,LV,6,-5.67967136191656e-05
2012,GR,1,-1.04445595546682e-06
2012,GR,2,2.37037420583708e-05
2012,GR,3,3.30150581350187e-06
2012,GR,4,-1.88783196334157e-07
2012,GR,5,0.000298335198205105
2012,GR,6,1.77282283221571e-05
2012,RO,1,1.94059985807726e-06
2012,RO,2,0.000280498926574065
2012,RO,3,-2.1540409546355e-06
2012,RO,4,1.97736741282921e-05
2012,RO,5,1.97019809971958e-05
2012,RO,6,-3.01555447348083e-05
2012,SK,1,1.8636479027113e-06
2012,SK,2,0.000307211873931557
2012,SK,3,6.21030658327906e-07
2012,SK,4,9.86310011669186e-06
2012,SK,5,1.11442719262798e-05
2012,SK,6,-3.48357693564796e-05
2012,CZ,1,-5.70183501327293e-08
2012,CZ,2,0.000232469748782287
2012,CZ,3,8.93493079510094e-06
2012,CZ,4,2.40818740356635e-05
2012,CZ,5,9.38865904761254e-06
2012,CZ,6,-2.08404111020276e-05
2012,EE,1,1.12041032640509e-06
2012,EE,2,9.20135862164742e-05
2012,EE,3,1.59593646170872e-05
2012,EE,4,1.40579715857889e-06
2012,EE,5,7.3037759851004e-05
2012,EE,6,1.03040684628389e-05
2012,CY,1,-3.98888306724678e-07
2012,CY,2,0.000369773186118734
2012,CY,3,1.42991433531856e-05
2012,CY,4,-1.03272973875512e-05
2012,CY,5,0.000152622784928627
2012,CY,6,-4.07095910213821e-05
2012,LT,1,-6.92789438230758e-08
2012,LT,2,7.55304222337229e-05
2012,LT,3,3.24072935122807e-06
2012,LT,4,1.06326071815758e-05
2012,LT,5,0.000148801473884389
2012,LT,6,7.67294666347168e-05
2012,MT,1,-7.12366014438456e-07
2012,MT,2,-5.80197518786418e-05
2012,MT,3,2.90673023560283e-06
2012,MT,4,-2.51100122569155e-06
2012,MT,5,0.00035967061434917
2012,MT,6,0.000362505004788727
2012,TR,1,2.1522575539788e-06
2012,TR,2,6.93338043277294e-05
2012,TR,3,-3.87941642780951e-06
2012,TR,4,1.29628399201442e-05
2012,TR,5,2.08646623933644e-05
2012,TR,6,0.000323184850487959
2012,NO,1,4.35954677442063e-07
2012,NO,2,-0.000622334864122786
2012,NO,3,0.00117564437762786
2012,NO,4,0.000117373989345599
2012,NO,5,1.0310401772178e-05
2012,NO,6,0.000822674989146745
2012,CH,1,4.24185669928712e-06
2012,CH,2,-8.06332926369945e-05
2012,CH,3,8.21859367131143e-06
2012,CH,4,2.37577767823588e-06
2012,CH,5,-2.76564498744414e-05
2012,CH,6,0.000943344047692212
2012,MK,1,-0.000415527896974233
2012,MK,2,-0.000641733528862196
2012,MK,3,0.00102924878141317
2012,MK,4,-0.00172277787656871
2012,MK,5,0.00165949804083609
2012,MK,6,0.0159426466028079
2012,IS,1,0.000339482881719515
2012,IS,2,0.000942521172129124
2012,IS,3,0.00240815281356777
2012,IS,4,-0.000626376520970508
2012,IS,5,0.00347123409812951
2012,IS,6,0.00336744946007893
2012,ME,1,0.00131845364368545
2012,ME,2,0.000485202482329668
2012,ME,3,-0.00332245667127514
2012,ME,4,0.0298008520737997
2012,ME,5,-0.000971151815713737
2012,ME,6,0.0155881394355168
2012,LI,1,-0.0863539851330356
2012,LI,2,-0.0201064150679943
2012,LI,3,-0.00923970199336566
2012,LI,4,0.00154375542412754
2012,LI,5,0.0111026125834521
2012,LI,6,0.0221448710204447
2013,AT,1,-6.48591946326754e-08
2013,AT,2,8.19384606743267e-05
2013,AT,3,2.72302003436615e-05
2013,AT,4,1.57612751353406e-05
2013,AT,5,2.38963748407263e-06
2013,AT,6,5.60532380230051e-05
2013,BE,1,5.54647377567692e-07
2013,BE,2,0.000121553623829775
2013,BE,3,2.64536276309739e-05
2013,BE,4,-1.49139442858282e-06
2013,BE,5,0.000104408749506831
2013,BE,6,9.91511925519661e-05
2013,DE,1,2.22673724186005e-07
2013,DE,2,0.00015677639431896
2013,DE,3,6.78434361923978e-06
2013,DE,4,1.24996633194507e-05
2013,DE,5,1.71800881824615e-05
2013,DE,6,9.20195662566829e-05
2013,ES,1,3.92621619764804e-07
2013,ES,2,0.000153511300985431
2013,ES,3,-1.648888653917e-06
2013,ES,4,1.92678375638508e-06
2013,ES,5,3.04082090968293e-05
2013,ES,6,9.34233126734574e-05
2013,FR,1,2.43809571225239e-06
2013,FR,2,7.28688561637059e-05
2013,FR,3,-1.43529255718207e-06
2013,FR,4,1.80290982260688e-05
2013,FR,5,1.66777696339535e-05
2013,FR,6,0.000190623242717044
2013,GB,1,9.12150674647334e-07
2013,GB,2,3.77600081797533e-05
2013,GB,3,6.09900568090139e-05
2013,GB,4,1.5298907303746e-06
2013,GB,5,1.95486116614178e-05
2013,GB,6,0.000319765119339385
2013,NL,1,2.48523302726495e-07
2013,NL,2,5.53970127336536e-05
2013,NL,3,0.000139192803055557
2013,NL,4,5.98480280132411e-06
2013,NL,5,7.26227174922207e-05
2013,NL,6,3.12363213611156e-05
2013,HR,1,7.13052924880122e-06
2013,HR,2,3.31099237884523e-05
2013,HR,3,7.98170806383221e-05
2013,HR,4,1.30151298072335e-05
2013,HR,5,3.07616073839279e-05
2013,HR,6,0.000100206541812462
2013,IE,1,-5.18307255213474e-07
2013,IE,2,-3.94925187619325e-05
2013,IE,3,-5.74581441183551e-06
2013,IE,4,2.69024509303017e-06
2013,IE,5,-9.29213661651917e-06
2013,IE,6,0.000619401924930189
2013,IT,1,1.55308144095422e-07
2013,IT,2,6.38478116775476e-05
2013,IT,3,1.74586458178189e-05
2013,IT,4,1.2991968410193e-05
2013,IT,5,3.21685946425933e-05
2013,IT,6,0.000105708347678688
2013,GR,1,1.20486901412265e-07
2013,GR,2,5.91521251594424e-06
2013,GR,3,3.58708445971593e-07
2013,GR,4,1.04543312702209e-05
2013,GR,5,0.000309115296151442
2013,GR,6,5.71044299826948e-06
2013,HU,1,-5.58129283690695e-07
2013,HU,2,0.000250907558414305
2013,HU,3,2.53310067519259e-06
2013,HU,4,1.88180666783722e-05
2013,HU,5,1.53013159004045e-05
2013,HU,6,1.95434167624991e-05
2013,PL,1,-8.32446334760599e-07
2013,PL,2,0.000196247788378801
2013,PL,3,1.37973021965854e-07
2013,PL,4,1.29193339127871e-05
2013,PL,5,4.09817435328663e-05
2013,PL,6,-4.94108533128736e-06
2013,MT,1,-1.42809716684427e-06
2013,MT,2,1.0847098994342e-05
2013,MT,3,-5.43915945527983e-05
2013,MT,4,-4.50436498393219e-06
2013,MT,5,0.0004641168552987
2013,MT,6,0.000124520317026954
2013,DK,1,-6.36831065919001e-08
2013,DK,2,8.08575506514085e-07
2013,DK,3,8.15692588724426e-05
2013,DK,4,5.08572011125059e-06
2013,DK,5,8.57473777357786e-05
2013,DK,6,0.000167437586742884
2013,SE,1,-6.35409976263923e-07
2013,SE,2,9.65661005609439e-05
2013,SE,3,-2.8604605524442e-06
2013,SE,4,8.09394303227393e-07
2013,SE,5,0.00016401605171219
2013,SE,6,6.09408337049158e-05
2013,CZ,1,3.12998603356327e-06
2013,CZ,2,0.000234446794826735
2013,CZ,3,5.71037585481498e-06
2013,CZ,4,3.00877140836162e-05
2013,CZ,5,3.62084854598195e-05
2013,CZ,6,-2.68877705220291e-05
2013,LV,1,-1.01604869981324e-06
2013,LV,2,9.21902696868486e-05
2013,LV,3,-1.33944111957086e-05
2013,LV,4,-1.41911787773442e-05
2013,LV,5,0.00048480012666006
2013,LV,6,-0.000113130306341132
2013,BG,1,-1.71375895633028e-07
2013,BG,2,0.000174310777888783
2013,BG,3,-2.55162788292356e-07
2013,BG,4,-2.6889054276616e-06
2013,BG,5,9.12442459207715e-05
2013,BG,6,6.09006748077875e-05
2013,RO,1,1.30640413374855e-06
2013,RO,2,0.000265340895258043
2013,RO,3,-9.87879792168672e-07
2013,RO,4,1.76570736560307e-05
2013,RO,5,3.05663159661598e-05
2013,RO,6,-5.3672987960655e-05
2013,SK,1,8.42456609224607e-07
2013,SK,2,0.000273000066181305
2013,SK,3,3.86192376869178e-05
2013,SK,4,1.22851388894775e-05
2013,SK,5,9.47492310714785e-06
2013,SK,6,-1.29943365958131e-05
2013,EE,1,8.62496713659417e-07
2013,EE,2,0.00013304848304905
2013,EE,3,1.49108179791507e-05
2013,EE,4,1.71826012295517e-06
2013,EE,5,5.90102989110428e-05
2013,EE,6,-9.94823574383122e-07
2013,LU,1,5.09496584081728e-08
2013,LU,2,0.000275267085691152
2013,LU,3,-5.35689846705871e-06
2013,LU,4,-1.42439332408906e-05
2013,LU,5,-7.57788962109449e-06
2013,LU,6,0.000133585727125033
2013,PT,1,-9.00430023452353e-07
2013,PT,2,0.000136851485517591
2013,PT,3,-3.91050624593718e-06
2013,PT,4,2.45023269700088e-06
2013,PT,5,0.00010906396984597
2013,PT,6,2.57186396134901e-06
2013,CY,1,2.44226253829899e-07
2013,CY,2,0.000172245495816396
2013,CY,3,9.73689461422333e-05
2013,CY,4,5.08343063068325e-06
2013,CY,5,5.97007084263087e-05
2013,CY,6,4.20190918343993e-05
2013,SI,1,4.58420144594609e-07
2013,SI,2,0.000191772015669757
2013,SI,3,1.02410844357699e-05
2013,SI,4,-1.14852045200791e-05
2013,SI,5,1.59915139229511e-05
2013,SI,6,0.000223399302393679
2013,LT,1,-4.81162929784848e-07
2013,LT,2,8.20888519605792e-05
2013,LT,3,-3.99868902891672e-06
2013,LT,4,6.52163313545383e-07
2013,LT,5,0.000164318222543857
2013,LT,6,0.00010328129681892
2013,FI,1,4.16258178056156e-07
2013,FI,2,2.61936738589955e-05
2013,FI,3,1.68137658412571e-06
2013,FI,4,-1.24701716316856e-06
2013,FI,5,8.64670101355604e-05
2013,FI,6,5.44824899525748e-05
2013,TR,1,1.68652320704179e-06
2013,TR,2,0.000158453771452472
2013,TR,3,7.48348676514171e-05
2013,TR,4,1.40547487338977e-05
2013,TR,5,2.03163129221497e-05
2013,TR,6,0.000104021264756672
2013,CH,1,1.62590871694872e-05
2013,CH,2,-0.000157066039210545
2013,CH,3,-3.30851803549211e-06
2013,CH,4,1.91741979540202e-05
2013,CH,5,-4.52337792256883e-05
2013,CH,6,0.00108776031571842
2013,MK,1,0.000443336490580984
2013,MK,2,-0.00374985081205964
2013,MK,3,0.00185514177334117
2013,MK,4,-0.000209982165187894
2013,MK,5,0.0050380452109714
2013,MK,6,0.0150776532804448
2013,NO,1,1.15213657963945e-06
2013,NO,2,-0.000174505587939804
2013,NO,3,0.00117968662131428
2013,NO,4,-1.38047440900824e-05
2013,NO,5,2.92294578401612e-05
2013,NO,6,0.000574087773223884
2013,IS,1,0.000264244311501952
2013,IS,2,0.00436947753224008
2013,IS,3,0.00083296509203347
2013,IS,4,-0.000550301403977385
2013,IS,5,0.00264372077580996
2013,IS,6,0.00242593005816854
2013,ME,1,0.000124536009872853
2013,ME,2,-0.0975032643470411
2013,ME,3,0.0644044034022607
2013,ME,4,0.0163922007820738
2013,ME,5,0.0183297851275505
2013,ME,6,-0.0563381350142301
2013,LI,1,-0.0387489621884763
2013,LI,2,0.00522130759296423
2013,LI,3,-0.00830929128406969
2013,LI,4,0.00110537030605583
2013,LI,5,0.0126302063618674
2013,LI,6,0.000132469698115679
2014,AT,1,4.21454823959236e-06
2014,AT,2,7.89530230879407e-05
2014,AT,3,3.79455957325495e-05
2014,AT,4,1.70349012049704e-05
2014,AT,5,-1.1399928230329e-06
2014,AT,6,5.43485102888382e-05
2014,DE,1,9.27397898896976e-08
2014,DE,2,0.000179503413856957
2014,DE,3,4.77006612984776e-06
2014,DE,4,8.96967799473128e-06
2014,DE,5,2.07367216186363e-05
2014,DE,6,9.30784581126287e-05
2014,FR,1,1.4797478206157e-06
2014,FR,2,7.17118625673417e-05
2014,FR,3,-8.19167827485802e-07
2014,FR,4,1.44411960679066e-05
2014,FR,5,1.28429269861389e-05
2014,FR,6,0.000179246446921999
2014,GB,1,1.02971360285075e-06
2014,GB,2,6.90774885528199e-05
2014,GB,3,6.10271122947026e-05
2014,GB,4,9.92548945263258e-07
2014,GB,5,6.54203141432877e-06
2014,GB,6,0.000273798824870585
2014,HR,1,3.43019433460988e-06
2014,HR,2,7.96125536490908e-05
2014,HR,3,2.49945315962747e-05
2014,HR,4,1.20483004421365e-05
2014,HR,5,0.000154763823243634
2014,HR,6,4.5594682455572e-05
2014,IT,1,1.84906177999107e-07
2014,IT,2,7.27072762698011e-05
2014,IT,3,2.95575576103451e-05
2014,IT,4,5.21099784075061e-06
2014,IT,5,2.34943078042141e-05
2014,IT,6,7.30877633283709e-05
2014,NL,1,3.42569474383809e-07
2014,NL,2,7.27132051150831e-05
2014,NL,3,0.000114250342424002
2014,NL,4,6.57881617987649e-06
2014,NL,5,3.38464524151559e-05
2014,NL,6,2.47921392257639e-05
2014,FI,1,-3.31741338782205e-07
2014,FI,2,4.11409734499709e-05
2014,FI,3,1.15517850186267e-06
2014,FI,4,-7.29947920027655e-07
2014,FI,5,8.05634850175036e-05
2014,FI,6,4.94448110665475e-05
2014,PL,1,4.04083081553156e-07
2014,PL,2,0.000169992928027334
2014,PL,3,1.18799870434367e-06
2014,PL,4,2.04077445748111e-05
2014,PL,5,4.25939496609838e-05
2014,PL,6,8.42542081678824e-06
2014,BE,1,2.95641641730164e-06
2014,BE,2,9.59718734507798e-05
2014,BE,3,3.80994752224833e-05
2014,BE,4,-6.82658763180615e-07
2014,BE,5,8.69614239759236e-05
2014,BE,6,0.000109173062704808
2014,ES,1,-3.10822650191963e-07
2014,ES,2,0.000158259738352735
2014,ES,3,2.35128634718903e-06
2014,ES,4,-7.86165971808971e-07
2014,ES,5,7.12058908640045e-05
2014,ES,6,6.29026677716119e-05
2014,IE,1,1.43559502468133e-07
2014,IE,2,-3.38429502835318e-05
2014,IE,3,-3.70089872986684e-05
2014,IE,4,1.96633013314043e-06
2014,IE,5,-7.63550773485058e-06
2014,IE,6,0.000538875095210468
2014,BG,1,-3.01044253983548e-08
2014,BG,2,0.000154897149849263
2014,BG,3,7.69729491312969e-06
2014,BG,4,4.5739393614026e-06
2014,BG,5,6.48006232897989e-05
2014,BG,6,1.48233995197284e-05
2014,RO,1,-1.11643785575864e-07
2014,RO,2,0.00029031933784007
2014,RO,3,6.11203024359309e-07
2014,RO,4,2.29621259464331e-05
2014,RO,5,4.00005687893113e-05
2014,RO,6,-7.15660745778126e-05
2014,MT,1,-0.000117037758610088
2014,MT,2,2.46167629272386e-05
2014,MT,3,9.17371310411865e-06
2014,MT,4,-6.52477413956527e-06
2014,MT,5,0.000349454740236606
2014,MT,6,0.000426479142441858
2014,DK,1,8.83421899649067e-07
2014,DK,2,-1.98789324615801e-06
2014,DK,3,4.26660313496206e-05
2014,DK,4,7.52477945804328e-06
2014,DK,5,7.8240294820878e-05
2014,DK,6,0.000154860398895581
2014,SE,1,-2.4035929514236e-07
2014,SE,2,0.000112386638526423
2014,SE,3,-2.28578340247067e-06
2014,SE,4,4.19706932487373e-06
2014,SE,5,5.36754767394355e-05
2014,SE,6,0.000103197785751467
2014,HU,1,-7.64478465078482e-07
2014,HU,2,0.000278214997251504
2014,HU,3,1.53324766497867e-06
2014,HU,4,1.21251263354763e-05
2014,HU,5,1.08520910720893e-05
2014,HU,6,8.57598409027513e-06
2014,CZ,1,-8.4593702864204e-07
2014,CZ,2,0.000264613397709349
2014,CZ,3,4.71552975982355e-06
2014,CZ,4,3.68310093033905e-05
2014,CZ,5,2.40653937677645e-05
2014,CZ,6,-3.81717823552209e-05
2014,EE,1,5.11383515511783e-06
2014,EE,2,8.2952622017889e-05
2014,EE,3,0.000656964186518094
2014,EE,4,-5.07542936460369e-06
2014,EE,5,9.33635209646691e-05
2014,EE,6,-1.58747293710487e-05
2014,LU,1,1.76680181035884e-06
2014,LU,2,0.000236824531354142
2014,LU,3,-8.78898418267424e-06
2014,LU,4,-8.87362464918644e-06
2014,LU,5,-6.72198440254462e-06
2014,LU,6,0.000140703222917786
2014,LV,1,-9.98781387813986e-07
2014,LV,2,0.000119399823538265
2014,LV,3,8.60722185979635e-05
2014,LV,4,-1.68791069155548e-05
2014,LV,5,0.000391416959928666
2014,LV,6,-6.9847501622701e-05
2014,PT,1,-8.08346323041315e-07
2014,PT,2,0.000159638011586647
2014,PT,3,-2.09187682705775e-06
2014,PT,4,4.25598401772006e-06
2014,PT,5,5.61300669544611e-05
2014,PT,6,5.63357429149332e-06
2014,SK,1,8.90953779350764e-07
2014,SK,2,0.000299746696627616
2014,SK,3,-1.24850073271097e-06
2014,SK,4,2.07542492500472e-05
2014,SK,5,6.37122887910484e-06
2014,SK,6,-2.249773192742e-05
2014,SI,1,-3.27692094374389e-09
2014,SI,2,0.000210016817702354
2014,SI,3,7.89564533761968e-08
2014,SI,4,-1.71095829666405e-05
2014,SI,5,8.66413725518522e-05
2014,SI,6,0.000152331954833539
2014,CY,1,5.09736015600088e-08
2014,CY,2,2.08458298622807e-05
2014,CY,3,1.57539691307691e-05
2014,CY,4,3.6253913609762e-05
2014,CY,5,0.000110253585169388
2014,CY,6,9.20942678585267e-05
2014,LT,1,-5.17365480277759e-07
2014,LT,2,0.000127100351353973
2014,LT,3,-3.14593719145182e-06
2014,LT,4,-3.38323703560863e-06
2014,LT,5,0.000176260062010003
2014,LT,6,3.58988843235635e-05
2014,GR,1,-2.89752662082074e-07
2014,GR,2,7.39907085524925e-06
2014,GR,3,2.11928219066707e-06
2014,GR,4,-6.58913308232205e-06
2014,GR,5,0.000316880855663488
2014,GR,6,7.14881761772046e-05
2014,NO,1,-9.18634387965477e-05
2014,NO,2,-0.000301148354836749
2014,NO,3,0.00121419122744653
2014,NO,4,5.58174926737066e-05
2014,NO,5,1.88497223030129e-05
2014,NO,6,0.000348120683537576
2014,TR,1,-6.5988321181376e-06
2014,TR,2,0.000159554310376021
2014,TR,3,-1.48878658413406e-05
2014,TR,4,5.33023254614846e-06
2014,TR,5,3.15137100932445e-05
2014,TR,6,0.000148722322341931
2014,CH,1,-5.95300917561099e-06
2014,CH,2,-8.33642205209986e-05
2014,CH,3,8.16701375360081e-06
2014,CH,4,5.71493625398788e-06
2014,CH,5,-1.18252888211808e-05
2014,CH,6,0.000906188055399563
2014,MK,1,-0.00039163109426497
2014,MK,2,0.00393393949158867
2014,MK,3,0.000758251659064509
2014,MK,4,0.000139555916932561
2014,MK,5,-0.00114546221035877
2014,MK,6,0.00381439033073666
2014,IS,1,0.00037778130399595
2014,IS,2,0.0012164615777136
2014,IS,3,0.000773793660154255
2014,IS,4,0.00059996152111678
2014,IS,5,0.00168266256509536
2014,IS,6,0.00524208269762445
2014,ME,1,-0.00047021891380289
2014,ME,2,0.00758957230920869
2014,ME,3,-0.00334834101659373
2014,ME,4,0.00696502465424186
2014,ME,5,0.00184065220511603
2014,ME,6,-0.00194069160102938
2014,LI,1,-0.0578364171355891
2014,LI,2,-0.0010236930472868
2014,LI,3,0.000150212614377565
2014,LI,4,0.00110908979577007
2014,LI,5,0.00473745852583709
2014,LI,6,0.022121297175499
2015,AT,1,3.77428730324779e-06
2015,AT,2,9.88819635949059e-05
2015,AT,3,3.37938495721724e-06
2015,AT,4,1.85963328953216e-05
2015,AT,5,1.77304942985745e-06
2015,AT,6,5.74573765461641e-05
2015,DE,1,-1.20940907466028e-07
2015,DE,2,0.000187456062062055
2015,DE,3,2.90522315132109e-06
2015,DE,4,8.41133897837474e-06
2015,DE,5,9.45353498886815e-06
2015,DE,6,0.000101525801881221
2015,FR,1,1.39014219607063e-06
2015,FR,2,9.29206314521364e-05
2015,FR,3,-8.70187093637409e-07
2015,FR,4,9.83302468225798e-06
2015,FR,5,8.50926129270312e-06
2015,FR,6,0.000164863460510617
2015,GB,1,2.09197432174144e-05
2015,GB,2,0.000107146648063237
2015,GB,3,5.23475470898571e-05
2015,GB,4,3.92674747788134e-06
2015,GB,5,3.04478651105645e-06
2015,GB,6,0.000208318009859946
2015,IE,1,1.98396807158838e-07
2015,IE,2,-3.06113620707252e-05
2015,IE,3,-2.70567189702616e-05
2015,IE,4,5.03851983469696e-07
2015,IE,5,-1.53989034360234e-05
2015,IE,6,0.000653352633404214
2015,NL,1,5.59671702915745e-07
2015,NL,2,0.000102440009460311
2015,NL,3,3.70201420224629e-05
2015,NL,4,7.62660028039708e-06
2015,NL,5,2.44671160108762e-05
2015,NL,6,5.09818070788243e-05
2015,BE,1,3.09491303864312e-06
2015,BE,2,9.6847979919445e-05
2015,BE,3,4.75550542175102e-05
2015,BE,4,-9.53337892946851e-07
2015,BE,5,8.06580646899667e-05
2015,BE,6,0.000149083062669422
2015,IT,1,2.02027130417824e-07
2015,IT,2,8.76878674480563e-05
2015,IT,3,2.64964617256888e-06
2015,IT,4,5.59160692836501e-06
2015,IT,5,1.87429059149861e-05
2015,IT,6,7.36549185066947e-05
2015,BG,1,-4.2838896581866e-07
2015,BG,2,0.000134693217996643
2015,BG,3,3.11354974739696e-06
2015,BG,4,1.49020371321959e-05
2015,BG,5,4.04366102159776e-05
2015,BG,6,6.16416560967181e-05
2015,PT,1,-8.77607144972427e-07
2015,PT,2,0.000197798244566223
2015,PT,3,-1.49031058031349e-06
2015,PT,4,2.75215959760035e-06
2015,PT,5,5.81959104104129e-05
2015,PT,6,-2.93639795108215e-05
2015,LT,1,-1.48041965272317e-07
2015,LT,2,8.92720443237047e-05
2015,LT,3,6.58984644653472e-06
2015,LT,4,9.06798565211307e-06
2015,LT,5,0.000120619759286054
2015,LT,6,1.93316577169899e-05
2015,PL,1,1.14141293377914e-07
2015,PL,2,0.000174884853827143
2015,PL,3,1.33180936043484e-06
2015,PL,4,2.62877347325835e-05
2015,PL,5,3.16357607156893e-05
2015,PL,6,2.09562529802211e-05
2015,ES,1,2.57905429231477e-07
2015,ES,2,0.000175567620335956
2015,ES,3,-4.35651931441267e-07
2015,ES,4,3.14327102523538e-07
2015,ES,5,2.36858223489153e-05
2015,ES,6,7.24230737732291e-05
2015,SE,1,-4.27870283606201e-07
2015,SE,2,9.62465484903229e-05
2015,SE,3,2.44652602164041e-06
2015,SE,4,2.79651167988675e-06
2015,SE,5,5.24435181228186e-05
2015,SE,6,0.000119662158433503
2015,CZ,1,-3.07932366730011e-07
2015,CZ,2,0.000286031667511339
2015,CZ,3,9.24419192186986e-06
2015,CZ,4,4.37070333439282e-05
2015,CZ,5,8.60917150339041e-06
2015,CZ,6,-4.77920936083662e-05
2015,DK,1,2.93000422343006e-07
2015,DK,2,-8.01765544707931e-06
2015,DK,3,0.000110388870430884
2015,DK,4,8.46460705259991e-06
2015,DK,5,1.69283990934025e-05
2015,DK,6,0.000180976021157259
2015,EE,1,-5.12412496583431e-07
2015,EE,2,9.57212557307831e-05
2015,EE,3,0.000166425005927709
2015,EE,4,-1.76297047456061e-07
2015,EE,5,0.000106404237516002
2015,EE,6,-2.9521680225601e-05
2015,GR,1,1.16183990018371e-06
2015,GR,2,1.88974019961963e-05
2015,GR,3,4.97482838367452e-06
2015,GR,4,-2.55054038480445e-06
2015,GR,5,0.00025790298594881
2015,GR,6,-3.96776832127425e-05
2015,HU,1,-7.04975661633988e-07
2015,HU,2,0.000268839208167599
2015,HU,3,3.21605176907767e-06
2015,HU,4,2.11287048399581e-05
2015,HU,5,1.93320046978613e-06
2015,HU,6,1.20375496521627e-05
2015,LU,1,2.54513276058566e-06
2015,LU,2,0.000237397086830991
2015,LU,3,-3.10799820235633e-06
2015,LU,4,-8.08725996598791e-06
2015,LU,5,-4.34048491450717e-06
2015,LU,6,8.69483347557186e-05
2015,LV,1,3.7370388923885e-08
2015,LV,2,5.40634141186614e-05
2015,LV,3,0.00028726486714326
2015,LV,4,-3.28074721385717e-06
2015,LV,5,0.000257085023942224
2015,LV,6,-9.94052466924152e-05
2015,HR,1,1.24045752263066e-06
2015,HR,2,0.000116647396845831
2015,HR,3,3.33663313447077e-05
2015,HR,4,1.01430456601383e-05
2015,HR,5,5.61077161697201e-05
2015,HR,6,0.000121325318937481
2015,RO,1,1.48237276143616e-07
2015,RO,2,0.000262667894675028
2015,RO,3,8.33699102741038e-07
2015,RO,4,2.97531237595335e-05
2015,RO,5,3.31398603693909e-05
2015,RO,6,-6.62126922632251e-05
2015,SK,1,1.4501682298965e-06
2015,SK,2,0.000329566596316031
2015,SK,3,4.08716075342072e-06
2015,SK,4,1.12962849114648e-05
2015,SK,5,6.66372631864667e-06
2015,SK,6,-5.46959983330988e-05
2015,CY,1,-6.75477577678276e-07
2015,CY,2,1.3502963242967e-05
2015,CY,3,0.0001601994620289
2015,CY,4,4.45834760611149e-05
2015,CY,5,0.000132384856099262
2015,CY,6,0.000117502257561603
2015,SI,1,2.94005898015756e-06
2015,SI,2,0.000213011787708517
2015,SI,3,1.50990999109818e-06
2015,SI,4,-1.72141257760716e-05
2015,SI,5,9.31877382791518e-05
2015,SI,6,0.000148450066744415
2015,FI,1,-2.92563154862982e-07
2015,FI,2,5.21014295036042e-05
2015,FI,3,-2.79933815220737e-06
2015,FI,4,-1.72449054365185e-06
2015,FI,5,4.87263730360319e-05
2015,FI,6,7.70017402739696e-05
2015,NO,1,-7.94840518518283e-05
2015,NO,2,-3.99323037592079e-05
2015,NO,3,0.000999963261116812
2015,NO,4,2.34988807387191e-05
2015,NO,5,9.98660895014986e-06
2015,NO,6,0.000452628322794731
2015,MT,1,-4.12731184860288e-07
2015,MT,2,0.000109953702325362
2015,MT,3,8.2285404223348e-06
2015,MT,4,-1.28555002295999e-05
2015,MT,5,0.000209301297466103
2015,MT,6,0.000518768224825136
2015,TR,1,3.30639645987669e-06
2015,TR,2,0.000109971899017451
2015,TR,3,-1.89804827160948e-05
2015,TR,4,1.46903173369108e-05
2015,TR,5,3.44253608182e-06
2015,TR,6,0.000328475065541342
2015,MK,1,0.000165535490658083
2015,MK,2,0.00167354000141976
2015,MK,3,0.000340388853037496
2015,MK,4,-0.00250045255856181
2015,MK,5,-0.00174596019037645
2015,MK,6,0.0157877906459628
2015,CH,1,1.19541100364566e-06
2015,CH,2,-9.32241129482555e-05
2015,CH,3,2.46050722608428e-06
2015,CH,4,7.12155991668079e-06
2015,CH,5,-3.9053255958848e-05
2015,CH,6,0.00100635979182794
2015,IS,1,0.000306117274450366
2015,IS,2,0.00543804444244123
2015,IS,3,0.000209468456896511
2015,IS,4,-0.000346141115332335
2015,IS,5,0.00250750720229523
2015,IS,6,0.00115844338500051
2015,ME,1,-0.0181479109732962
2015,ME,2,-0.0871830662707266
2015,ME,3,-0.122554522518961
2015,ME,4,0.110328191816125
2015,ME,5,0.0393937026506653
2015,ME,6,0.130219802169543
2015,LI,1,
2015,LI,2,0.0040095963279308
2015,LI,3,-0.011358869208512
2015,LI,4,0.000849733179749138
2015,LI,5,0.024205108332629
2015,LI,6,0.011870306506402
2016,AT,1,1.94848355463828e-07
2016,AT,2,8.78423911510865e-05
2016,AT,3,1.6600455935454e-06
2016,AT,4,1.1822261829041e-05
2016,AT,5,5.03879867784301e-06
2016,AT,6,6.58402634585535e-05
2016,DE,1,4.27634653183313e-08
2016,DE,2,0.000191306237951885
2016,DE,3,3.76378229301233e-07
2016,DE,4,6.21612410573546e-06
2016,DE,5,9.81782885542132e-06
2016,DE,6,8.74488372881066e-05
2016,FR,1,1.21991689366684e-06
2016,FR,2,9.16882599945908e-05
2016,FR,3,-3.46783472671423e-06
2016,FR,4,1.26913036600907e-05
2016,FR,5,3.52081969389008e-06
2016,FR,6,0.000194427466147278
2016,GB,1,1.78422558365234e-05
2016,GB,2,0.000128197147127566
2016,GB,3,7.52980913699698e-05
2016,GB,4,6.05695633188497e-06
2016,GB,5,9.74983376488211e-06
2016,GB,6,0.000123977623761084
2016,NL,1,-2.89782686457739e-07
2016,NL,2,0.000110847263857706
2016,NL,3,3.33372153826931e-05
2016,NL,4,8.06671379786512e-06
2016,NL,5,2.56311045048632e-05
2016,NL,6,5.06451833786255e-05
2016,GR,1,1.25280698372501e-07
2016,GR,2,2.96814694388696e-06
2016,GR,3,1.70949129092096e-06
2016,GR,4,-1.88483673347107e-06
2016,GR,5,0.000211798609869487
2016,GR,6,0.000153913379944775
2016,IE,1,2.12087211395394e-08
2016,IE,2,-4.43604525694815e-06
2016,IE,3,-2.2740978883988e-05
2016,IE,4,6.13132863391081e-08
2016,IE,5,-1.15573411884494e-05
2016,IE,6,0.000543317440136422
2016,IT,1,2.23423049251053e-07
2016,IT,2,9.18997413927571e-05
2016,IT,3,8.35626556901718e-07
2016,IT,4,6.35752977364036e-06
2016,IT,5,1.57027587556347e-05
2016,IT,6,7.57470950421843e-05
2016,PT,1,-9.54138376277612e-07
2016,PT,2,0.00018557581080823
2016,PT,3,-1.79258154942629e-06
2016,PT,4,6.72647426843956e-06
2016,PT,5,3.920444203765e-05
2016,PT,6,-1.34859458040911e-06
2016,DK,1,5.58841653708163e-07
2016,DK,2,-3.56096714423795e-06
2016,DK,3,1.54662700959673e-05
2016,DK,4,5.96859364831468e-06
2016,DK,5,5.45052801623784e-05
2016,DK,6,0.000188444261963242
2016,BE,1,6.30323442199072e-06
2016,BE,2,0.000116967924240505
2016,BE,3,3.36072381476399e-05
2016,BE,4,-2.64238498859174e-07
2016,BE,5,4.37463941987245e-05
2016,BE,6,0.000110358528756626
2016,LU,1,3.4703540249869e-07
2016,LU,2,0.000202275797001675
2016,LU,3,-3.85357639840015e-06
2016,LU,4,-6.6508902845143e-06
2016,LU,5,-4.38939923256014e-06
2016,LU,6,0.000114433042712335
2016,ES,1,-2.84147592056619e-07
2016,ES,2,0.000189268936356369
2016,ES,3,-3.42395722773896e-06
2016,ES,4,-2.44151996977081e-06
2016,ES,5,1.50055660130008e-05
2016,ES,6,7.2867138079491e-05
2016,PL,1,-5.96348464446966e-07
2016,PL,2,0.000194113206594593
2016,PL,3,-7.95185573393092e-07
2016,PL,4,2.23323899458352e-05
2016,PL,5,1.61958602510966e-05
2016,PL,6,4.52444090067942e-05
2016,BG,1,5.39984622827726e-06
2016,BG,2,0.000131998706759676
2016,BG,3,1.9747247430565e-06
2016,BG,4,1.86764964542962e-06
2016,BG,5,3.78933545054887e-05
2016,BG,6,6.26752385697175e-05
2016,CZ,1,-6.22886362262741e-07
2016,CZ,2,0.000279120908501509
2016,CZ,3,3.82129688276899e-06
2016,CZ,4,3.15565489148465e-05
2016,CZ,5,8.18699979703249e-06
2016,CZ,6,-4.74831634611962e-05
2016,EE,1,-7.13965386539173e-08
2016,EE,2,0.000100286962389184
2016,EE,3,0.000263884554175384
2016,EE,4,-4.00044535299528e-06
2016,EE,5,2.90734400475266e-05
2016,EE,6,6.63297748224127e-06
2016,HU,1,-6.98684533576295e-07
2016,HU,2,0.000251676231715113
2016,HU,3,-2.23059624539548e-06
2016,HU,4,3.58973551861444e-05
2016,HU,5,1.82900473313431e-06
2016,HU,6,3.73265785488372e-05
2016,LV,1,-6.32732778541988e-07
2016,LV,2,0.000108165024450868
2016,LV,3,2.56555055984822e-05
2016,LV,4,-9.96791945924437e-06
2016,LV,5,0.000239373004732833
2016,LV,6,-7.34952557415748e-06
2016,RO,1,-2.65420995640687e-08
2016,RO,2,0.000248381350173929
2016,RO,3,-1.40270029429411e-06
2016,RO,4,4.5021819953449e-05
2016,RO,5,1.78219931254569e-05
2016,RO,6,4.34088345197898e-07
2016,SE,1,-3.67373775817424e-07
2016,SE,2,0.000146127907299313
2016,SE,3,4.96588407207379e-06
2016,SE,4,2.8475753777817e-06
2016,SE,5,2.99900713566058e-05
2016,SE,6,0.000112921605413444
2016,SK,1,1.14535148259649e-06
2016,SK,2,0.000372200957966823
2016,SK,3,-2.35670129410926e-06
2016,SK,4,5.45014474613266e-06
2016,SK,5,3.67688842847707e-06
2016,SK,6,-2.53955389417661e-05
2016,HR,1,1.94505162899723e-06
2016,HR,2,0.00013777530330351
2016,HR,3,7.87350358173309e-05
2016,HR,4,5.59717261815592e-06
2016,HR,5,4.27118982430993e-05
2016,HR,6,0.000148976469143042
2016,LT,1,-3.37134485598227e-07
2016,LT,2,8.6302406281896e-05
2016,LT,3,-6.91783069813736e-06
2016,LT,4,4.11268459365718e-06
2016,LT,5,0.00010131874004921
2016,LT,6,0.000125639908055045
2016,SI,1,1.23938034885457e-06
2016,SI,2,0.000239453802700035
2016,SI,3,-1.68147946649455e-06
2016,SI,4,8.25927731967034e-07
2016,SI,5,2.5305941980334e-05
2016,SI,6,0.00014534896157556
2016,FI,1,4.95742956697294e-07
2016,FI,2,4.96587237509062e-05
2016,FI,3,-7.13984337168396e-07
2016,FI,4,-2.4334459481039e-06
2016,FI,5,5.63988226576182e-05
2016,FI,6,8.21070207724986e-05
2016,CY,1,-5.6674822719479e-05
2016,CY,2,0.000111121086303571
2016,CY,3,5.6329454836928e-05
2016,CY,4,9.59957776441141e-06
2016,CY,5,0.00026652528282852
2016,CY,6,1.34483853637828e-05
2016,NO,1,-9.08431955768749e-05
2016,NO,2,-2.26383270104617e-05
2016,NO,3,0.00102129661080347
2016,NO,4,1.53008530779465e-05
2016,NO,5,3.25672404361309e-06
2016,NO,6,0.000378674816555249
2016,MT,1,-7.99163765749122e-05
2016,MT,2,8.73294165402677e-05
2016,MT,3,-1.34616238610617e-05
2016,MT,4,-1.4506877247886e-05
2016,MT,5,0.00022539172955207
2016,MT,6,0.000785445734349288
2016,TR,1,2.57167910597498e-06
2016,TR,2,0.000134616296526778
2016,TR,3,8.400702201453e-05
2016,TR,4,1.23930897068639e-05
2016,TR,5,-1.0305870222184e-05
2016,TR,6,0.000481478567901259
2016,CH,1,1.31644117192585e-06
2016,CH,2,-0.000155668041964754
2016,CH,3,-2.9860369363523e-07
2016,CH,4,1.32342136455006e-05
2016,CH,5,-4.49915844159333e-05
2016,CH,6,0.00108237415712042
2016,MK,1,-0.000479762369703792
2016,MK,2,0.00192619130026287
2016,MK,3,0.00075807060215633
2016,MK,4,0.000424935386706954
2016,MK,5,-0.00241863222006351
2016,MK,6,0.00730398765430564
2016,IS,1,0.000365292715087715
2016,IS,2,0.00372121616505316
2016,IS,3,0.000877106157436065
2016,IS,4,-0.000480579678979084
2016,IS,5,-0.00152868401836434
2016,IS,6,0.00242089001502659
2016,ME,1,-0.00527748078111921
2016,ME,2,0.00552665993821706
2016,ME,3,-0.0157073091154011
2016,ME,4,-0.0383629698484712
2016,ME,5,0.0133616921464617
2016,ME,6,0.00941269186846781
2016,LI,1,
2016,LI,2,0.0202793390696375
2016,LI,3,0.06635683388315
2016,LI,4,5.78959907523352e-05
2016,LI,5,-0.00477006403460036
2016,LI,6,0.0358019827114905
2017,DE,1,-5.29128050427099e-08
2017,DE,2,0.000206438882764872
2017,DE,3,7.96801261360542e-07
2017,DE,4,8.88230464590023e-06
2017,DE,5,1.40086726563267e-05
2017,DE,6,7.79856349830032e-05
2017,FR,1,1.68730017230226e-06
2017,FR,2,8.05437413590343e-05
2017,FR,3,-1.68540191690065e-06
2017,FR,4,1.26417749678708e-05
2017,FR,5,6.37931465225041e-06
2017,FR,6,0.00018205088187254
2017,PT,1,-7.59094062205553e-07
2017,PT,2,0.000151845048209363
2017,PT,3,-7.79468829073256e-07
2017,PT,4,1.34862387406567e-05
2017,PT,5,3.79485742000211e-05
2017,PT,6,-4.66597589276904e-06
2017,IE,1,1.12414184788953e-07
2017,IE,2,-1.28223093591568e-05
2017,IE,3,-2.34293011728148e-05
2017,IE,4,2.33997412429336e-06
2017,IE,5,-1.20350300732762e-05
2017,IE,6,0.00058268185567542
2017,NL,1,5.64137767491509e-07
2017,NL,2,0.000119471239091706
2017,NL,3,4.98866161402423e-05
2017,NL,4,1.11063277242596e-05
2017,NL,5,2.88275476995178e-05
2017,NL,6,3.54118781473861e-05
2017,BE,1,1.14609987652521e-06
2017,BE,2,0.000104880168097499
2017,BE,3,3.08669511265674e-05
2017,BE,4,4.53584466851336e-06
2017,BE,5,5.69606493770293e-05
2017,BE,6,0.000126181177878263
2017,GB,1,9.4268000507344e-07
2017,GB,2,0.000102705479289652
2017,GB,3,7.493748327382e-05
2017,GB,4,1.91528601239697e-06
2017,GB,5,1.1171120351048e-05
2017,GB,6,0.000192730357984717
2017,IT,1,6.81176222004001e-07
2017,IT,2,0.000104089094742433
2017,IT,3,-2.08178320916339e-06
2017,IT,4,3.51551038434324e-06
2017,IT,5,1.92086538972976e-05
2017,IT,6,7.95753247823186e-05
2017,DK,1,3.43888204096733e-07
2017,DK,2,4.11414796004817e-06
2017,DK,3,2.24559221020853e-05
2017,DK,4,5.33673156213311e-06
2017,DK,5,3.24220584629496e-05
2017,DK,6,0.000197390655735477
2017,SE,1,2.94637422920632e-07
2017,SE,2,0.000123779033063498
2017,SE,3,3.26995949738814e-06
2017,SE,4,-4.04022133451857e-07
2017,SE,5,6.23484974425831e-05
2017,SE,6,0.000109490010069937
2017,ES,1,1.53936749707847e-07
2017,ES,2,0.00017955231256401
2017,ES,3,-3.76164029989275e-06
2017,ES,4,-7.30624385354527e-07
2017,ES,5,2.66045710395014e-05
2017,ES,6,7.9218895920461e-05
2017,AT,1,5.47384542982647e-06
2017,AT,2,9.15422868246693e-05
2017,AT,3,1.57605359316724e-06
2017,AT,4,7.94582340762709e-06
2017,AT,5,5.53197744962851e-06
2017,AT,6,8.78156793869927e-05
2017,HR,1,3.15245682671615e-05
2017,HR,2,0.000147925489656793
2017,HR,3,2.55628088043946e-05
2017,HR,4,5.82820796537879e-06
2017,HR,5,5.01402826475521e-05
2017,HR,6,0.000101922687476401
2017,PL,1,-5.15698461029295e-07
2017,PL,2,0.000189830460823624
2017,PL,3,5.71295706397703e-06
2017,PL,4,2.67879316862965e-05
2017,PL,5,1.59216282229892e-05
2017,PL,6,1.40004124104592e-05
2017,CZ,1,-6.00198888111282e-07
2017,CZ,2,0.000235180341483805
2017,CZ,3,1.40081551144201e-06
2017,CZ,4,3.91938751097744e-05
2017,CZ,5,1.49680985028106e-05
2017,CZ,6,-3.29520881689463e-05
2017,EE,1,7.71772348990716e-07
2017,EE,2,9.05413065850132e-05
2017,EE,3,0.000129127720805595
2017,EE,4,8.17784203873017e-08
2017,EE,5,2.85050020589378e-05
2017,EE,6,-3.03088446532364e-06
2017,HU,1,-5.29882449257779e-07
2017,HU,2,0.0002496463025181
2017,HU,3,1.96709072602668e-06
2017,HU,4,2.98483214111004e-05
2017,HU,5,3.54512249596872e-06
2017,HU,6,3.33671860137327e-05
2017,LU,1,-1.97797382100922e-08
2017,LU,2,0.000216761662223256
2017,LU,3,-3.98165057991711e-06
2017,LU,4,-7.25391461892635e-06
2017,LU,5,-5.29171185139578e-06
2017,LU,6,0.000116093109563237
2017,RO,1,2.05401644763177e-06
2017,RO,2,0.000221589539125182
2017,RO,3,4.61771754874752e-05
2017,RO,4,4.17926918470455e-05
2017,RO,5,2.69184008249339e-05
2017,RO,6,-2.86318846161531e-05
2017,SK,1,1.88117867681387e-07
2017,SK,2,0.000351963301094693
2017,SK,3,-1.48909335841813e-06
2017,SK,4,9.10498379175782e-06
2017,SK,5,1.73297746245298e-06
2017,SK,6,-3.41515306160941e-05
2017,BG,1,-2.52216300394433e-07
2017,BG,2,0.000132314170428534
2017,BG,3,3.61003631927622e-07
2017,BG,4,4.36211185391129e-06
2017,BG,5,5.92079029156037e-05
2017,BG,6,6.05354510645921e-05
2017,LV,1,-8.79844649492582e-07
2017,LV,2,9.58819069163537e-05
2017,LV,3,0.000154609341244755
2017,LV,4,-9.35436925659532e-06
2017,LV,5,0.000230355992705677
2017,LV,6,-1.58383571343746e-05
2017,GR,1,-1.9628829365151e-07
2017,GR,2,1.19324742152414e-05
2017,GR,3,-2.70967825340542e-07
2017,GR,4,-5.88865437520696e-06
2017,GR,5,0.000287586671383978
2017,GR,6,0.000114012303367461
2017,SI,1,2.86765656039481e-06
2017,SI,2,0.000233606493867886
2017,SI,3,-4.16978552533966e-06
2017,SI,4,-5.5248855273947e-06
2017,SI,5,1.79301332613972e-05
2017,SI,6,0.000180019906706451
2017,FI,1,-6.67140639498336e-07
2017,FI,2,6.06095976380218e-05
2017,FI,3,-1.13832344634453e-06
2017,FI,4,-2.0094775567942e-06
2017,FI,5,0.000131847417718294
2017,FI,6,5.46085372918606e-05
2017,LT,1,2.20586435182938e-07
2017,LT,2,0.00011923259099629
2017,LT,3,-2.36837733048855e-06
2017,LT,4,1.17433053127351e-05
2017,LT,5,9.58301174394743e-05
2017,LT,6,4.01888378517422e-05
2017,CY,1,-4.14872488529083e-05
2017,CY,2,0.000115998864337525
2017,CY,3,5.09668251834358e-05
2017,CY,4,1.24097749005879e-05
2017,CY,5,0.000158416808525746
2017,CY,6,7.69366957676419e-05
2017,TR,1,3.35533955053467e-06
2017,TR,2,0.000153052816311151
2017,TR,3,-7.57665278609019e-06
2017,TR,4,1.44886759488086e-05
2017,TR,5,-0.000121901040774524
2017,TR,6,0.00026787404569635
2017,MT,1,-5.28661297662536e-07
2017,MT,2,-7.35171648439304e-06
2017,MT,3,5.36180625214423e-05
2017,MT,4,1.50113773079301e-06
2017,MT,5,0.000200579388543558
2017,MT,6,0.000460750062862495
2017,MK,1,0.00202217963350518
2017,MK,2,0.00245679378938849
2017,MK,3,0.00106274237150282
2017,MK,4,-0.00173521610232835
2017,MK,5,-0.00310649563127404
2017,MK,6,0.0087412140564737
2017,NO,1,-7.71099531518045e-05
2017,NO,2,3.43411778359815e-05
2017,NO,3,0.00112795219170138
2017,NO,4,1.94836446019758e-05
2017,NO,5,2.83738103054922e-05
2017,NO,6,7.22741195498257e-05
2017,IS,1,0.000357595901699709
2017,IS,2,0.0131860677434915
2017,IS,3,0.000418267234633587
2017,IS,4,-0.000635797015060158
2017,IS,5,-0.000194308805689341
2017,IS,6,-0.00511816080273328
2017,CH,1,2.23192965519941e-05
2017,CH,2,-0.000158360520815154
2017,CH,3,-6.54360620847294e-05
2017,CH,4,4.0350522272382e-06
2017,CH,5,-4.17117697055651e-05
2017,CH,6,0.00111222966042675
2017,ME,1,-0.00776348264071153
2017,ME,2,0.00482057534764487
2017,ME,3,-0.0385214884896323
2017,ME,4,-0.0089710989417537
2017,ME,5,0.00562723169272469
2017,ME,6,0.0300005457263988
2017,LI,1,-0.101224416614023
2017,LI,2,0.00899968861244783
2017,LI,3,-0.00646925600725305
2017,LI,4,0.00135364247308338
2017,LI,5,0.00589463743171677
2017,LI,6,0.00768179590751473
2018,FR,1,1.30982981588505e-06
2018,FR,2,9.07000495057645e-05
2018,FR,3,-1.94204581608638e-06
2018,FR,4,1.13675383670146e-05
2018,FR,5,9.22946721630463e-06
2018,FR,6,0.00020815968827082
2018,GB,1,1.19701963928339e-06
2018,GB,2,7.40528709821079e-05
2018,GB,3,9.12784068992543e-05
2018,GB,4,4.5875210504106e-06
2018,GB,5,2.61864430953819e-08
2018,GB,6,0.000230071526521616
2018,IT,1,9.63840995778747e-07
2018,IT,2,8.94051842993256e-05
2018,IT,3,-1.73853275974346e-06
2018,IT,4,6.56428626571079e-06
2018,IT,5,2.06380939939018e-05
2018,IT,6,8.53418504704408e-05
2018,NL,1,5.14124407089999e-07
2018,NL,2,0.000106856471977494
2018,NL,3,7.50977379299083e-05
2018,NL,4,1.42380019796616e-05
2018,NL,5,1.94997448220259e-05
2018,NL,6,4.58601087818168e-05
2018,GR,1,-1.74607895474927e-07
2018,GR,2,1.19090713033104e-05
2018,GR,3,-4.16563417057354e-06
2018,GR,4,-5.11453685594736e-06
2018,GR,5,0.000311384200626968
2018,GR,6,0.000106854702193451
2018,ES,1,3.55423226180018e-06
2018,ES,2,0.000166171592195617
2018,ES,3,1.43215396036025e-06
2018,ES,4,-1.75024529310165e-07
2018,ES,5,3.75662918065864e-05
2018,ES,6,6.85782734919019e-05
2018,LU,1,-1.84317425147945e-07
2018,LU,2,0.000143416392632977
2018,LU,3,-1.04028784244949e-05
2018,LU,4,2.02083783229098e-06
2018,LU,5,-6.33353035216952e-06
2018,LU,6,0.000206747831189962
2018,BE,1,2.53851506041812e-07
2018,BE,2,7.68010971070177e-05
2018,BE,3,5.90600762174211e-05
2018,BE,4,4.20587503512731e-06
2018,BE,5,7.46726837835417e-05
2018,BE,6,0.000101618635306673
2018,DE,1,-1.58909578435796e-07
2018,DE,2,0.000183595405355406
2018,DE,3,5.26283719580047e-06
2018,DE,4,9.96267452957221e-06
2018,DE,5,1.49943647095264e-05
2018,DE,6,7.87819745871005e-05
2018,IE,1,2.24117134609837e-07
2018,IE,2,-4.24764475670453e-05
2018,IE,3,-2.20021820572992e-05
2018,IE,4,5.33891600646929e-06
2018,IE,5,-6.90322158413207e-06
2018,IE,6,0.000556441450576714
2018,EE,1,5.5545796931604e-07
2018,EE,2,0.000107073505407741
2018,EE,3,1.16048653365824e-05
2018,EE,4,-3.58867919457473e-06
2018,EE,5,3.39882543454458e-05
2018,EE,6,7.71649722519348e-06
2018,LT,1,-5.65247342716546e-08
2018,LT,2,0.000120905242920666
2018,LT,3,-6.12700575652371e-08
2018,LT,4,7.56923612502272e-07
2018,LT,5,0.000125307195300106
2018,LT,6,1.73505542773304e-05
2018,PL,1,1.25533228065875e-06
2018,PL,2,0.000159761285262064
2018,PL,3,1.93801166159893e-05
2018,PL,4,3.92348466706549e-05
2018,PL,5,2.42877281015259e-05
2018,PL,6,2.4716610531968e-05
2018,SE,1,-4.63038186761346e-07
2018,SE,2,0.000150477450483827
2018,SE,3,-6.46037520985126e-07
2018,SE,4,1.21865225588383e-07
2018,SE,5,5.99877922737264e-05
2018,SE,6,0.000102041087648153
2018,CZ,1,-1.25020622028781e-07
2018,CZ,2,0.000237818176303043
2018,CZ,3,2.45535182892336e-06
2018,CZ,4,2.64866560013594e-05
2018,CZ,5,8.57657855137594e-06
2018,CZ,6,-2.4923581097522e-05
2018,BG,1,9.9942514870636e-10
2018,BG,2,0.00017646584165112
2018,BG,3,-6.06421215560442e-07
2018,BG,4,1.12807501302032e-06
2018,BG,5,3.21113890593028e-05
2018,BG,6,5.14546659605723e-05
2018,AT,1,4.57442672498945e-07
2018,AT,2,0.000114437146009745
2018,AT,3,4.98309909279914e-06
2018,AT,4,9.95581130041751e-06
2018,AT,5,1.48952224943789e-06
2018,AT,6,7.06922012365285e-05
2018,DK,1,4.73876518093281e-07
2018,DK,2,5.18574284301635e-06
2018,DK,3,1.47159121718483e-05
2018,DK,4,7.37680197342122e-06
2018,DK,5,2.22998707829231e-05
2018,DK,6,0.000223838203652951
2018,PT,1,-7.25018070208081e-07
2018,PT,2,0.000140311030452303
2018,PT,3,4.87305111128043e-06
2018,PT,4,1.78250695993175e-05
2018,PT,5,3.05696012164606e-05
2018,PT,6,-3.53120364810057e-06
2018,HU,1,-2.48482510992317e-07
2018,HU,2,0.000243618528685464
2018,HU,3,8.78851679850021e-06
2018,HU,4,2.30694923954835e-05
2018,HU,5,1.07318583378498e-05
2018,HU,6,2.87242319092785e-05
2018,RO,1,8.03820977604117e-07
2018,RO,2,0.000198378954975935
2018,RO,3,5.73371082812543e-08
2018,RO,4,3.57390324914233e-05
2018,RO,5,3.37824959125429e-05
2018,RO,6,-1.71916850136286e-05
2018,SI,1,1.31064724972039e-06
2018,SI,2,0.000244447595893893
2018,SI,3,-5.5214845579235e-06
2018,SI,4,-1.00436086523017e-05
2018,SI,5,1.13315052464514e-05
2018,SI,6,0.00016105965998934
2018,HR,1,-6.78556820794526e-09
2018,HR,2,0.000115465696190301
2018,HR,3,6.19304072735885e-06
2018,HR,4,1.69907283453743e-06
2018,HR,5,7.54364255355865e-05
2018,HR,6,8.43550293954447e-05
2018,SK,1,3.37787827315703e-07
2018,SK,2,0.000376144215523467
2018,SK,3,7.64894083272633e-06
2018,SK,4,1.12271160202819e-05
2018,SK,5,2.79532692967706e-06
2018,SK,6,-2.77118223975393e-05
2018,FI,1,-6.42295998700997e-07
2018,FI,2,8.65049527604783e-05
2018,FI,3,1.51386939150077e-06
2018,FI,4,-3.73263373775935e-06
2018,FI,5,7.99094925717021e-05
2018,FI,6,2.75453268482065e-05
2018,LV,1,-7.45707980591844e-07
2018,LV,2,8.75417346762796e-05
2018,LV,3,-2.69359240011392e-06
2018,LV,4,-9.99301115427825e-06
2018,LV,5,0.000339801536232928
2018,LV,6,1.3934907458262e-05
2018,CY,1,-3.49925092189123e-05
2018,CY,2,0.000124497643072777
2018,CY,3,5.37447646354949e-05
2018,CY,4,1.79326700686462e-05
2018,CY,5,4.80917538012489e-05
2018,CY,6,9.7457107053764e-05
2018,TR,1,1.70784213444044e-05
2018,TR,2,0.000138864674493879
2018,TR,3,-1.40895523673002e-05
2018,TR,4,2.02133079536822e-05
2018,TR,5,5.98501190519282e-05
2018,TR,6,0.000126163555371122
2018,MK,1,-0.00294681668347976
2018,MK,2,0.000940987301997517
2018,MK,3,0.000863735687185881
2018,MK,4,-0.000234719743373136
2018,MK,5,-0.00499288854716616
2018,MK,6,0.0118059748284223
2018,MT,1,5.5404699893783e-06
2018,MT,2,-4.22570008616933e-05
2018,MT,3,6.2225804019829e-05
2018,MT,4,1.89807083118533e-06
2018,MT,5,0.000184178197396903
2018,MT,6,0.000514224686686448
2018,CH,1,-7.73906251203468e-06
2018,CH,2,-8.78128135434143e-05
2018,CH,3,-4.65637293949393e-05
2018,CH,4,-2.17094739288493e-06
2018,CH,5,-3.45562901581284e-05
2018,CH,6,0.00108397509492634
2018,IS,1,0.000238285202534648
2018,IS,2,0.00158899311860434
2018,IS,3,0.00106559103640589
2018,IS,4,-0.000555228094016377
2018,IS,5,0.00150126954019083
2018,IS,6,-6.94397800589694e-05
2018,NO,1,-8.09836602854769e-05
2018,NO,2,-0.000421180440251704
2018,NO,3,0.00123835927272387
2018,NO,4,8.48773207710686e-05
2018,NO,5,3.02618953691552e-05
2018,NO,6,0.000224070626554119
2018,ME,1,-0.00413896267721843
2018,ME,2,-0.0408416051467448
2018,ME,3,-0.198541138343838
2018,ME,4,0.0107572644906191
2018,ME,5,0.0629326582839854
2018,ME,6,0.205009158364104
2018,LI,1,0.00208604656319703
2018,LI,2,0.00611238050716771
2018,LI,3,-0.0046327282959602
2018,LI,4,-0.000164458523233253
2018,LI,5,0.0014713580420346
2018,LI,6,0.0107346699167818
2019,LV,1,-1.21563102785122e-06
2019,LV,2,8.29959452009176e-05
2019,LV,3,5.27940425774538e-06
2019,LV,4,-1.01563141217161e-05
2019,LV,5,0.000433201433303361
2019,LV,6,-6.89612640710129e-05
2019,BE,1,3.8521840282568e-06
2019,BE,2,7.52601066221198e-05
2019,BE,3,2.13086280613848e-05
2019,BE,4,7.22613562568557e-06
2019,BE,5,7.31867598028465e-05
2019,BE,6,0.000113047791714397
2019,CZ,1,-6.39093471946965e-07
2019,CZ,2,0.00023695949099184
2019,CZ,3,7.98732745110311e-07
2019,CZ,4,2.16191438899855e-05
2019,CZ,5,3.98172819167438e-06
2019,CZ,6,5.37948374775559e-06
2019,DE,1,-1.97189335097777e-07
2019,DE,2,0.000161261396840043
2019,DE,3,-3.20367433095267e-06
2019,DE,4,1.26107736161592e-05
2019,DE,5,8.44830282742085e-06
2019,DE,6,0.000108102888907249
2019,GB,1,3.57332515087589e-07
2019,GB,2,7.79883039535994e-05
2019,GB,3,8.09539417378824e-05
2019,GB,4,6.30618264569552e-06
2019,GB,5,8.09450304817585e-06
2019,GB,6,0.000193560826562404
2019,IE,1,2.55457951225274e-07
2019,IE,2,-4.93506879326694e-05
2019,IE,3,-2.21668445272421e-05
2019,IE,4,6.28088263618866e-06
2019,IE,5,-1.06576918085931e-05
2019,IE,6,0.000606796211323827
2019,NL,1,4.45527583781598e-08
2019,NL,2,8.44641530880058e-05
2019,NL,3,5.03349381234964e-05
2019,NL,4,1.18344172551238e-05
2019,NL,5,2.11167636934014e-05
2019,NL,6,7.12691429695239e-05
2019,SE,1,-3.62589076751624e-07
2019,SE,2,0.000137660486324441
2019,SE,3,-3.24467498479757e-06
2019,SE,4,2.09745906807851e-06
2019,SE,5,4.39590374692973e-05
2019,SE,6,0.000144986060968478
2019,FR,1,2.57873786082978e-07
2019,FR,2,8.14678215248182e-05
2019,FR,3,2.30879467063981e-07
2019,FR,4,1.34396300023328e-05
2019,FR,5,1.17452342554089e-05
2019,FR,6,0.000192077632940243
2019,IT,1,6.68324618779548e-07
2019,IT,2,7.71184076641866e-05
2019,IT,3,-3.13059558538684e-06
2019,IT,4,8.32205765956891e-06
2019,IT,5,2.09071505105696e-05
2019,IT,6,0.000117583926400711
2019,DK,1,1.03264458634807e-06
2019,DK,2,-6.38803782153826e-06
2019,DK,3,1.32744175755857e-05
2019,DK,4,7.73080987183837e-06
2019,DK,5,1.44477748228249e-05
2019,DK,6,0.000237965493899611
2019,ES,1,-2.56983350327158e-08
2019,ES,2,0.000193912299091494
2019,ES,3,-4.35587234930248e-06
2019,ES,4,-5.16333876622078e-06
2019,ES,5,2.2875156209213e-05
2019,ES,6,8.71138753275787e-05
2019,RO,1,8.72537410291124e-07
2019,RO,2,0.00017623932618863
2019,RO,3,4.35571219504955e-05
2019,RO,4,3.49807921674976e-05
2019,RO,5,3.54994618837255e-05
2019,RO,6,-1.9161873822379e-05
2019,AT,1,-8.59844050471036e-08
2019,AT,2,0.00014238995449803
2019,AT,3,3.42453234295857e-06
2019,AT,4,2.52943067257272e-06
2019,AT,5,-1.03503127176562e-06
2019,AT,6,7.955975472949e-05
2019,FI,1,-6.3371496442349e-07
2019,FI,2,9.22290063243786e-05
2019,FI,3,1.06450361502754e-06
2019,FI,4,-3.01122697371575e-06
2019,FI,5,7.51805108846876e-05
2019,FI,6,3.37627103916853e-05
2019,GR,1,-5.34815477545854e-07
2019,GR,2,-3.69540586010543e-06
2019,GR,3,1.07881147883335e-05
2019,GR,4,-6.84434878805266e-06
2019,GR,5,0.000308101307980644
2019,GR,6,0.000109496718452061
2019,MT,1,9.86644170505723e-08
2019,MT,2,-6.12209126852555e-05
2019,MT,3,2.54851572711513e-06
2019,MT,4,2.19346471100355e-05
2019,MT,5,0.000209006502776613
2019,MT,6,0.000751609406450431
2019,PL,1,9.20560967775285e-07
2019,PL,2,0.000130358185993702
2019,PL,3,1.53997791505715e-06
2019,PL,4,3.23158687210019e-05
2019,PL,5,2.39717424006286e-05
2019,PL,6,2.86646975896054e-05
2019,PT,1,-9.00404332248152e-07
2019,PT,2,0.000166517659662083
2019,PT,3,-5.41649364473242e-07
2019,PT,4,1.35919793572212e-05
2019,PT,5,2.75909569675263e-05
2019,PT,6,-1.22765146692184e-05
2019,SI,1,7.6697780588281e-07
2019,SI,2,0.000243725017673853
2019,SI,3,-5.78388854077587e-06
2019,SI,4,-2.26426343303721e-06
2019,SI,5,1.97448444985148e-05
2019,SI,6,0.000225360453078013
2019,SK,1,-3.32123101473288e-08
2019,SK,2,0.000408294539810395
2019,SK,3,2.20936366751939e-06
2019,SK,4,1.50984533805069e-05
2019,SK,5,1.38719360704994e-06
2019,SK,6,-2.32362570743696e-05
2019,LU,1,-2.23667700112827e-07
2019,LU,2,0.000225056991109578
2019,LU,3,-1.21581655311704e-05
2019,LU,4,-4.17517542921694e-06
2019,LU,5,-5.980161873377e-06
2019,LU,6,0.000135201318893228
2019,HU,1,-4.4267254512398e-07
2019,HU,2,0.000229809354006802
2019,HU,3,8.13601774295364e-06
2019,HU,4,3.32956225709291e-05
2019,HU,5,2.40946812670384e-06
2019,HU,6,4.76973123070489e-05
2019,EE,1,-6.1521988246317e-07
2019,EE,2,0.000107864146589594
2019,EE,3,0.000236064456430662
2019,EE,4,-7.05467444826133e-06
2019,EE,5,8.58317241590596e-05
2019,EE,6,-3.71034770331461e-05
2019,BG,1,-8.13747000055662e-07
2019,BG,2,0.000211707153989222
2019,BG,3,-1.04844791936153e-06
2019,BG,4,6.73299015989668e-06
2019,BG,5,4.10122554371578e-05
2019,BG,6,5.62222053213888e-05
2019,LT,1,1.46532501079311e-06
2019,LT,2,0.000174708624872925
2019,LT,3,-8.0086815613745e-07
2019,LT,4,-1.86351720952331e-06
2019,LT,5,8.08126930644652e-05
2019,LT,6,2.63105220626385e-05
2019,HR,1,3.44374456504165e-06
2019,HR,2,0.000144503282972989
2019,HR,3,2.59017829509963e-05
2019,HR,4,2.07253337827273e-05
2019,HR,5,4.65109600448441e-05
2019,HR,6,9.32434648161601e-05
2019,CY,1,-3.51537842867832e-05
2019,CY,2,0.000111269472050785
2019,CY,3,5.76443704098092e-05
2019,CY,4,2.0320129078484e-05
2019,CY,5,5.67723685435804e-05
2019,CY,6,0.000102080759773248
2019,TR,1,1.36656625009121e-05
2019,TR,2,0.000131825244444103
2019,TR,3,0.000136283576192533
2019,TR,4,1.24897983829022e-05
2019,TR,5,2.58568307153111e-05
2019,TR,6,0.000113214616920945
2019,CH,1,-1.02270754973644e-05
2019,CH,2,-9.1456076745913e-05
2019,CH,3,3.26103962253824e-06
2019,CH,4,-1.98632581511229e-06
2019,CH,5,-8.53542597809633e-06
2019,CH,6,0.00103376366705974
2019,MK,1,0.00168127298353448
2019,MK,2,0.00314084033655632
2019,MK,3,0.000313106416481104
2019,MK,4,0.000226170380886388
2019,MK,5,-0.00385467388822924
2019,MK,6,0.00207141718680489
2019,IS,1,0.000224020346917967
2019,IS,2,0.00191745412558703
2019,IS,3,0.000170011063472652
2019,IS,4,0.000190903269164976
2019,IS,5,0.000283952181649867
2019,IS,6,0.00112862774710326
2019,NO,1,-9.92077242585015e-05
2019,NO,2,-1.41833611448103e-05
2019,NO,3,0.00114040385685099
2019,NO,4,2.84991554763121e-05
2019,NO,5,3.53927789255689e-05
2019,NO,6,3.74605530731967e-05
2019,ME,1,-0.00258353780712519
2019,ME,2,0.289605048440976
2019,ME,3,0.00521059518478791
2019,ME,4,-0.319675421930826
2019,ME,5,-0.00296562468235148
2019,ME,6,0.0816632105396213
2019,LI,1,-0.012894049630876
2019,LI,2,-0.00789731682478057
2019,LI,3,-0.305649213848647
2019,LI,4,-0.000274240204359542
2019,LI,5,0.0274229389852952
2019,LI,6,0.0542240162755668
